banda,bjd_tdb,fluxo,erro,base,n_fits
g,2461241.541773113,1.006711554393906,0.001298400889569242,1.008109803964595,95
g,2461241.545260225,1.006845169985933,0.001298400889569242,1.0074775460350311,93
g,2461241.54870779,1.0072081917396303,0.001298400889569242,1.0068821420748555,95
g,2461241.5521746064,1.0064919013225475,0.001298400889569242,1.006311549802262,95
g,2461241.5556425983,1.0034934685282322,0.001298400889569242,1.0057674957360514,95
g,2461241.559145482,1.00396690620695,0.001298400889569242,1.0052437029242938,94
g,2461241.562608825,1.0042443512911654,0.001298400889569242,1.0047499719612691,95
g,2461241.565089747,1.003058865296654,0.001298400889569242,1.0044103991006115,41
g,2461241.5730997277,1.0035372450707043,0.001298400889569242,1.003389422823886,91
g,2461241.576248502,1.0021283285134883,0.001298400889569242,1.0030177385306085,82
g,2461241.5799868223,1.0028789688520445,0.001298400889569242,1.0025968620825996,102
g,2461241.5834289277,1.004266083026905,0.001298400889569242,1.0022281105994655,112
g,2461241.586905213,1.0032557047743784,0.001298400889569242,1.0018732229478586,111
g,2461241.5903761256,1.0017834612925385,0.001298400889569242,1.0015357802441807,111
g,2461241.593843955,1.0024189250626632,0.001298400889569242,1.0012148746907328,111
g,2461241.5973235397,1.0010927563677745,0.001298400889569242,1.0009086154393618,112
g,2461241.600787775,1.0012148433552346,0.001298400889569242,1.0006188317516445,110
g,2461241.6042704545,1.0005459801222465,0.001298400889569242,1.0003422230478436,111
g,2461241.607735936,1.0014780305548459,0.001298400889569242,1.0000811751034138,111
g,2461241.611215357,1.0014614374580388,0.001298400889569242,0.9998329039203655,112
g,2461241.614690149,1.0012591195693656,0.001298400889569242,0.99959840526996,111
g,2461241.618153254,0.9996863069171089,0.001298400889569242,0.9993777107058784,111
g,2461241.621627269,0.9997474060058056,0.001298400889569242,0.9991690547223896,112
g,2461241.6251064315,1.0001837092855819,0.001298400889569242,0.9989725781963033,111
g,2461241.6285676477,0.9993191655584626,0.001298400889569242,0.9987892521992766,111
g,2461241.6320443866,0.9976212948478805,0.001298400889569242,0.9986170514939394,112
g,2461241.6355245486,0.997144466679635,0.001298400889569242,0.9984564574905664,111
g,2461241.63898716,0.9951581330330009,0.001298400889569242,0.9983081762890383,111
g,2461241.6424504095,0.9956327684460675,0.001298400889569242,0.9981711777743072,111
g,2461241.6459219726,0.9980336950752977,0.001298400889569242,0.9980450568962116,112
g,2461241.6494126236,1.0031891340914714,0.001298400889569242,0.9979294300193822,112
g,2461241.65289204,0.9990795835373596,0.001298400889569242,0.9978252352595134,111
g,2461241.656358817,0.9996459431479803,0.001298400889569242,0.9977323182395094,111
g,2461241.6598239853,0.9996260961304615,0.001298400889569242,0.9976502539482173,111
g,2461241.6632907568,1.0017982208392067,0.001298400889569242,0.997578924129779,111
g,2461241.6667700103,1.0005984475570517,0.001298400889569242,0.9975181477041999,112
g,2461241.6702527944,0.9995408317699706,0.001298400889569242,0.9974681523251989,111
g,2461241.6737158336,0.9998855300636802,0.001298400889569242,0.997429212687809,111
g,2461241.6771925637,0.9992384974116291,0.001298400889569242,0.9974009608303379,112
g,2461241.6806660667,0.997765320621981,0.001298400889569242,0.9973836389197855,111
g,2461241.6841309974,0.9984106916414204,0.001298400889569242,0.9973772937126069,111
g,2461241.6875962024,0.998263174403237,0.001298400889569242,0.9973819654180147,111
g,2461241.6910760454,1.000090013273094,0.001298400889569242,0.997397862051941,112
g,2461241.694553558,0.999469684631138,0.001298400889569242,0.9974251043561485,111
g,2461241.6980211656,0.9980065280969216,0.001298400889569242,0.9974637334079486,111
g,2461241.7014880176,1.0005602432418443,0.001298400889569242,0.9975139806017995,111
g,2461241.7049621814,0.9977952088429185,0.001298400889569242,0.9975762025506386,112
g,2461241.7084370945,0.9983090349028914,0.001298400889569242,0.9976505541429709,111
g,2461241.711892958,0.9979694150310833,0.001298400889569242,0.9977367708136018,111
g,2461241.7153718336,0.9992313251181957,0.001298400889569242,0.9978362063487691,112
g,2461241.7188574118,0.9989010636651865,0.001298400889569242,0.9979488704618475,112
g,2461241.7223377884,1.0005286185378333,0.001298400889569242,0.9980747308070365,109
g,2461241.7257912676,0.9999099867269059,0.001298400889569242,0.998213188319785,108
g,2461241.729270198,0.9995576100555911,0.001298400889569242,0.9983667390236457,111
g,2461241.7327528833,0.9985839044276956,0.001298400889569242,0.9985350464893569,110
g,2461241.736205437,0.9976998842082574,0.001298400889569242,0.9987167829100929,111
g,2461241.739684758,0.9983501513684876,0.001298400889569242,0.9989154404296278,112
g,2461241.743163482,0.9961788567692678,0.001298400889569242,0.9991301959659641,111
g,2461241.746635635,0.996490644209752,0.001298400889569242,0.9993612409236948,110
g,2461241.750088273,0.9992180394055853,0.001298400889569242,0.9996081775164752,110
g,2461241.7535683285,1.0019820928198437,0.001298400889569242,0.9998751335562072,108
g,2461241.75704942,0.9996302891078079,0.001298400889569242,1.0001610799170215,112
g,2461241.7605004767,1.0028399185240906,0.001298400889569242,1.0004640547171737,105
g,2461241.7640178767,1.0035035577430422,0.001298400889569242,1.000793747725456,109
g,2461241.7674435927,1.0110247337676268,0.001298400889569242,1.0011360810398624,101
g,2461241.7699496704,1.008655729097525,0.001298400889569242,1.0014003730872303,48
r,2461241.5417655604,1.0038578740181598,0.0011590109372728095,1.0063373967130254,188
r,2461241.545225899,1.0049769444297585,0.0011590109372728095,1.0060674173925095,189
r,2461241.5487000663,1.006412811668924,0.0011590109372728095,1.0058007352961336,191
r,2461241.5521759884,1.005332204046612,0.0011590109372728095,1.0055380665475249,190
r,2461241.5556439944,1.0053020889538582,0.0011590109372728095,1.005279910973424,190
r,2461241.559115287,1.0054737787850436,0.0011590109372728095,1.0050252243666333,191
r,2461241.562591965,1.0053292758303112,0.0011590109372728095,1.0047736796330364,190
r,2461241.565091305,1.0064018409995346,0.0011590109372728095,1.0045949371259473,84
r,2461241.5730975554,1.001596091902214,0.0011590109372728095,1.0040333989719132,181
r,2461241.576186471,1.0022109039037503,0.0011590109372728095,1.0038209837336753,158
r,2461241.579987373,0.9995300198468873,0.0011590109372728095,1.0035626426509396,204
r,2461241.583437678,1.000013509520999,0.0011590109372728095,1.0033309115993103,221
r,2461241.5869057784,1.001462078268014,0.0011590109372728095,1.0031005423564603,222
r,2461241.5903688804,1.001485890803411,0.0011590109372728095,1.0028729651122568,221
r,2461241.5938367634,1.0048163021857013,0.0011590109372728095,1.0026474459978114,223
r,2461241.5973089496,1.0040208818628666,0.0011590109372728095,1.00242394114878,221
r,2461241.6007950767,1.006707194280991,0.0011590109372728095,1.0022017697301804,223
r,2461241.6042641075,1.0024131004591696,0.0011590109372728095,1.0019828346376831,220
r,2461241.607722843,1.0021387720844133,0.0011590109372728095,1.0017666153347635,222
r,2461241.611215296,1.0043315198959921,0.0011590109372728095,1.001550319970943,222
r,2461241.6146829803,1.0038922136343622,0.0011590109372728095,1.0013375223827754,223
r,2461241.618153848,1.0025404633058153,0.0011590109372728095,1.001126437478123,222
r,2461241.621620044,1.0028451485040126,0.0011590109372728095,1.0009174949754231,223
r,2461241.6250991942,1.0032497051219653,0.0011590109372728095,1.0007095961300383,223
r,2461241.628568208,1.0028229703275289,0.0011590109372728095,1.000504084148983,222
r,2461241.6320371376,1.0013206140025905,0.0011590109372728095,1.0003003206487762,223
r,2461241.6355173537,1.0004564550158983,0.0011590109372728095,1.0000976147059697,223
r,2461241.6389877372,0.9989823751840893,0.0011590109372728095,0.9998971695311155,222
r,2461241.642446873,0.9990880810518115,0.0011590109372728095,0.9996990271216178,221
r,2461241.6459225467,1.0001538786155975,0.0011590109372728095,0.999501578349479,224
r,2461241.6494054548,1.0027596380579331,0.0011590109372728095,0.9993053503888492,223
r,2461241.6528770025,1.0000278423082336,0.0011590109372728095,0.9991113728082238,222
r,2461241.65634371,1.001441058540685,0.0011590109372728095,0.9989192579649073,222
r,2461241.6598089603,0.9999133671579922,0.0011590109372728095,0.9987288049359503,222
r,2461241.663275871,1.0004305303970988,0.0011590109372728095,0.9985398363075109,222
r,2461241.6667698096,0.9988838362334357,0.0011590109372728095,0.9983509856061175,222
r,2461241.6702377396,0.9989467254842154,0.0011590109372728095,0.998165119722005,222
r,2461241.673700827,1.0006375144309139,0.0011590109372728095,0.9979810855308784,222
r,2461241.677184113,0.9995856795467808,0.0011590109372728095,0.9977975681301118,223
r,2461241.6806588746,0.9965123407021146,0.0011590109372728095,0.9976160968994299,223
r,2461241.684125972,0.999094271853564,0.0011590109372728095,0.9974366268741282,220
r,2461241.687591555,0.9975757934512548,0.0011590109372728095,0.9972588473464461,222
r,2461241.69106882,0.9999864904790011,0.0011590109372728095,0.9970821056026177,223
r,2461241.6945462674,0.9987655821679089,0.0011590109372728095,0.9969070148422313,223
r,2461241.698013631,0.9968725837522314,0.0011590109372728095,0.9967341082819885,218
r,2461241.701486325,0.9967435762066581,0.0011590109372728095,0.9965626405869884,222
r,2461241.7049663602,0.9972766837086454,0.0011590109372728095,0.9963925521139644,221
r,2461241.708429825,0.9958315426753785,0.0011590109372728095,0.9962250383526062,223
r,2461241.711887605,0.9961994442935158,0.0011590109372728095,0.9960595929930922,221
r,2461241.7153535676,0.9956343069536499,0.0011590109372728095,0.9958955955679297,221
r,2461241.718841838,0.996164121438816,0.0011590109372728095,0.9957324478553258,220
r,2461241.7223140127,0.9952218149343532,0.0011590109372728095,0.995572001138594,218
r,2461241.7257811534,0.9969735031187932,0.0013850706215947888,0.9954137808663924,211
r,2461241.7292354787,0.9951746900077296,0.0011590109372728095,0.9952581854708937,216
r,2461241.7327597695,0.9952780751917407,0.0011590109372728095,0.995101603102641,217
r,2461241.7361962483,0.9961929319951859,0.0011590109372728095,0.9949510968072666,220
r,2461241.739690725,0.9946915587478837,0.0011590109372728095,0.9948003287682887,220
r,2461241.743167498,0.9933329214607314,0.0011590109372728095,0.9946526871493807,217
r,2461241.7466052365,0.9936863788922514,0.0011590109372728095,0.9945091078272505,220
r,2461241.750090337,0.9960494016510444,0.0011590109372728095,0.994366087309901,219
r,2461241.7535661575,0.9969169409048256,0.0011798349212710348,0.9942260959541758,213
r,2461241.7570384094,0.9987149834569883,0.0011590109372728095,0.9940890018688688,219
r,2461241.7604944375,0.9976745083556696,0.0012055114015546528,0.9939554019794344,216
r,2461241.764001163,0.9984472860482791,0.001205923804538094,0.9938228858382503,219
r,2461241.7674152143,1.0002246300618811,0.0013413177456618865,0.9936969562073038,199
r,2461241.7699515037,0.9992661657757427,0.0016828121387494907,0.9936054607792276,96
i,2461241.5417537144,1.0035822441242233,0.0020550181100232176,0.9985264954713804,191
i,2461241.5452259374,1.0026985433341244,0.0020550181100232176,0.997845663238655,189
i,2461241.5487000924,1.0038288753957376,0.0020550181100232176,0.9972127592143243,191
i,2461241.5521759954,0.9999868344808369,0.0020550181100232176,0.9966252449562872,190
i,2461241.5556440023,0.999248246610679,0.0020550181100232176,0.9960822052496506,190
i,2461241.5591152874,0.9978864843381218,0.0020550181100232176,0.9955795734914754,191
i,2461241.5625987966,0.9967035120700567,0.0020550181100232176,0.9951142604260885,189
i,2461241.565091275,1.0008753402253636,0.0020550181100232176,0.9948042897920266,84
i,2461241.5731000104,0.9895434068281982,0.0020550181100232176,0.9939298934404908,182
i,2461241.57618651,0.9883760686421259,0.0020550181100232176,0.9936395217685574,158
i,2461241.5799721153,0.9864535726339695,0.0020550181100232176,0.993316608986381,202
i,2461241.5834359727,0.9890874844022286,0.0020550181100232176,0.9930518926374016,223
i,2461241.586905808,0.9892437519476434,0.0020550181100232176,0.9928149756560676,222
i,2461241.5903688967,0.9895295597692506,0.0020550181100232176,0.9926056332942683,221
i,2461241.5938367797,0.9917618812593635,0.0020550181100232176,0.9924221421631647,223
i,2461241.597312433,0.9921981124819538,0.0020550181100232176,0.9922635568313091,222
i,2461241.60079511,0.9952595605010024,0.0020550181100232176,0.9921292084020163,223
i,2461241.604263249,0.9913428181329235,0.0020550181100232176,0.9920190556909754,221
i,2461241.6077287523,0.9906173459724786,0.0020550181100232176,0.9919318164382281,223
i,2461241.61121532,0.9912067763038505,0.0020550181100232176,0.9918664002873385,222
i,2461241.614682948,0.9903122782258515,0.0020550181100232176,0.9918229596956261,223
i,2461241.618153862,0.9873522901836496,0.0020550181100232176,0.9918005035738443,222
i,2461241.6216200585,0.9881940762441204,0.0020550181100232176,0.9917985548964534,223
i,2461241.6250992,0.9884895660774714,0.0020550181100232176,0.9918167039561456,223
i,2461241.628568253,0.9891263794390793,0.0020550181100232176,0.9918544276777772,222
i,2461241.632037153,0.9856752298270363,0.0020550181100232176,0.9919113618596794,223
i,2461241.6355173695,0.9845677159671143,0.0020550181100232176,0.9919874404187506,223
i,2461241.638987783,0.9846345752204477,0.0020550181100232176,0.9920819062792107,222
i,2461241.642445426,0.9847484355574925,0.0020550181100232176,0.9921942287225289,221
i,2461241.645922558,0.9842254721902317,0.0020550181100232176,0.9923252741192466,224
i,2461241.6494054436,0.986438525018631,0.0020550181100232176,0.9924745208864871,223
i,2461241.6528770314,0.9873239727221876,0.0020550181100232176,0.9926410285375795,222
i,2461241.6563437167,0.9909705930196587,0.0020550181100232176,0.9928248468661249,222
i,2461241.6598089687,0.9892397963529478,0.0020550181100232176,0.9930260110927909,222
i,2461241.663283551,0.9948562034321831,0.0020550181100232176,0.9932451372845019,223
i,2461241.666755465,1.0000131655191629,0.0020550181100232176,0.9934814817513489,222
i,2461241.6702377503,1.0018685725777046,0.0020550181100232176,0.9937359847403631,222
i,2461241.673700856,1.0050688947441824,0.0020550181100232176,0.9940064460212596,222
i,2461241.6771776346,1.0033911538954579,0.0020550181100232176,0.9942954482899747,224
i,2461241.6806588857,1.0020329860934365,0.0020550181100232176,0.9946024537841812,223
i,2461241.68412375,1.0045619457666086,0.0020550181100232176,0.9949256546183818,221
i,2461241.6875890167,1.003777362540926,0.0020550181100232176,0.9952666490271216,223
i,2461241.6910688276,1.0052464162674006,0.0020550181100232176,0.9956271326902059,223
i,2461241.6945463135,1.0043086359220077,0.0020550181100232176,0.9960056770726688,223
i,2461241.698013946,1.004280984980117,0.0020550181100232176,0.9964016248680801,221
i,2461241.701480801,1.0088064744706102,0.0020550181100232176,0.9968162211809439,223
i,2461241.704954964,1.0057684160505636,0.0020550181100232176,0.9972508186860903,223
i,2461241.708429881,1.0045415939337468,0.0020550181100232176,0.997705036815473,223
i,2461241.7118935483,0.9975616266259035,0.0020550181100232176,0.9981776300481926,222
i,2461241.7153627635,0.9953908287923867,0.0020550181100232176,0.9986712962397086,219
i,2461241.7188306632,1.0011214753900752,0.0020550181100232176,0.9991855957732799,216
i,2461241.722315515,1.000803621622675,0.0020550181100232176,0.9997239314577113,221
i,2461241.7257808,1.0058127640455357,0.0020550181100232176,1.0002812369577925,209
i,2461241.7292413986,1.0071068664610936,0.0020550181100232176,1.000860324391808,217
i,2461241.7327609845,1.0084286579090058,0.0020550181100232176,1.0014731080964143,216
i,2461241.7362060593,1.0068854153081659,0.0020550181100232176,1.002096956438621,222
i,2461241.739681456,1.0046204536542447,0.0020550181100232176,1.0027512269180567,222
i,2461241.7431542333,1.0026836024372041,0.0020550181100232176,1.0034309212332344,221
i,2461241.746622774,1.0029637703066128,0.0020550181100232176,1.0041366248268815,220
i,2461241.7500923546,1.0023764396627786,0.0020550181100232176,1.0048704325296427,220
i,2461241.7535751318,1.0062898868220311,0.0020550181100232176,1.005636239715855,219
i,2461241.757042826,1.0052390339733004,0.0020550181100232176,1.0064290450213325,221
i,2461241.760519935,1.0036807206873908,0.0020550181100232176,1.007255720218359,220
i,2461241.763997517,1.0031027568192532,0.0020550181100232176,1.0081157323516685,221
i,2461241.767438046,1.007321983653287,0.0020550181100232176,1.0090008267084882,208
i,2461241.769947929,1.0038241526880634,0.0020550181100232176,1.0096689437175834,98
z,2461241.541753707,1.005131647062502,0.0019998490009786223,1.009902039730942,191
z,2461241.5452259206,1.0065164166985112,0.0019998490009786223,1.0090612748674936,189
z,2461241.5487000975,1.0066303779186088,0.0019998490009786223,1.0082633481904106,191
z,2461241.5521760127,1.0076448410314995,0.0019998490009786223,1.0075060056555518,190
z,2461241.5556439874,1.007811016123878,0.0019998490009786223,1.0067890729653233,190
z,2461241.559112099,1.0082983294199088,0.0019998490009786223,1.0061087529522477,190
z,2461241.562591964,1.0098514119848376,0.0019998490009786223,1.0054611061008623,190
z,2461241.5650912905,1.011877551921916,0.0019998490009786223,1.0050166088699841,84
z,2461241.573100437,1.005208773458102,0.0019998490009786223,1.0037013119264775,182
z,2461241.5761838085,1.0068652867490007,0.0019998490009786223,1.0032366896292335,157
z,2461241.579994442,1.0052094403976972,0.0019998490009786223,1.0026925615179203,203
z,2461241.5834334763,0.9968971234714239,0.0019998490009786223,1.002228871561732,222
z,2461241.586902142,0.9998101034173582,0.0019998490009786223,1.0017864147816682,221
z,2461241.590368887,0.9998165982753708,0.0019998490009786223,1.0013685489262472,221
z,2461241.593832515,1.0006050270132985,0.0019998490009786223,1.0009744673287808,222
z,2461241.5973163843,1.0025104338292175,0.0019998490009786223,1.0006008491696616,223
z,2461241.600793206,1.0046728445207516,0.0019998490009786223,1.0002499761359849,222
z,2461241.604263218,1.0012112704151395,0.0019998490009786223,0.9999209810734812,219
z,2461241.6077287463,1.0008496191955667,0.0019998490009786223,0.9996128866781452,223
z,2461241.611208181,0.9996634959623414,0.0019998490009786223,0.9993235374047938,223
z,2461241.614682943,0.9989722038275431,0.0019998490009786223,0.9990540021785616,223
z,2461241.6181538384,0.9979349877887149,0.0019998490009786223,0.9988036385108963,222
z,2461241.621620631,0.995846369874659,0.0019998490009786223,0.9985719355385199,222
z,2461241.625090241,0.9984879067566532,0.0019998490009786223,0.9983579986918323,221
z,2461241.628568214,0.9976698255061753,0.0019998490009786223,0.9981611884301963,222
z,2461241.6320371157,0.9968140827235232,0.0019998490009786223,0.9979821399810028,223
z,2461241.6355248974,0.9964310793231271,0.0019998490009786223,0.9978191711326959,222
z,2461241.6389877824,0.9953989764873269,0.0019998490009786223,0.9976740078710844,222
z,2461241.6424509673,0.9960008105661439,0.0019998490009786223,0.9975451755468802,222
z,2461241.6459225575,0.9963279980710259,0.0019998490009786223,0.9974322244007692,224
z,2461241.649405451,0.9977558322524663,0.0019998490009786223,0.9973350179352511,223
z,2461241.652877048,0.9967139066047939,0.0019998490009786223,0.9972540374221213,222
z,2461241.656343751,0.9982067008848852,0.0019998490009786223,0.997188903193213,222
z,2461241.659808963,0.997680248875348,0.0019998490009786223,0.9971394176253997,222
z,2461241.663283575,0.9951884187018434,0.0019998490009786223,0.9971054173840855,223
z,2461241.666762819,0.9946189829883996,0.0019998490009786223,0.997087010476996,223
z,2461241.670237748,0.9965189308025223,0.0019998490009786223,0.9970842415947446,222
z,2461241.6737008407,0.9974829384068774,0.0019998490009786223,0.997097031003279,222
z,2461241.6771776164,0.9956382693626454,0.0019998490009786223,0.9971255377443461,224
z,2461241.6806588653,0.9942677828527136,0.0019998490009786223,0.9971698898954231,223
z,2461241.6841237587,0.9955798190539972,0.0019998490009786223,0.9972298507396744,221
z,2461241.687589043,0.9983297699205971,0.0019998490009786223,0.997305738967865,223
z,2461241.691068851,0.9959770512194553,0.0019998490009786223,0.9973981365752793,223
z,2461241.694546284,0.9968924097202252,0.0019998490009786223,0.9975068803598326,223
z,2461241.698013923,0.9945513268132025,0.0019998490009786223,0.9976318838068093,221
z,2461241.701480797,0.9961662570761883,0.0019998490009786223,0.9977736600787155,223
z,2461241.7049609106,1.002368448601578,0.0019998490009786223,0.9979331720977891,222
z,2461241.70842987,1.002449503948742,0.0019998490009786223,0.9981096507530072,223
z,2461241.711891775,1.001518942316041,0.0019998490009786223,0.9983035358005006,221
z,2461241.715365847,1.0116242423599808,0.0019998490009786223,0.9985163517676102,223
z,2461241.718828899,1.0114085357911056,0.0019998490009786223,0.998747134762739,218
z,2461241.7223092415,1.009619181545132,0.0019998490009786223,0.9989983159956933,220
z,2461241.7257813504,1.0137637146267686,0.0019998490009786223,0.9992686671178737,209
z,2461241.7292630128,1.0069753963664394,0.0019998490009786223,0.9995601737555015,223
z,2461241.7327662273,1.0031709880591437,0.0019998490009786223,0.9998747641548396,218
z,2461241.736203029,1.006420977864067,0.0019998490009786223,1.000204816973044,218
z,2461241.739691298,1.0016119098078182,0.0019998490009786223,1.0005622651324046,220
z,2461241.743146994,1.0000952985674294,0.0019998490009786223,1.0009394847558157,221
z,2461241.7466081413,0.9969449686173343,0.0019998490009786223,1.0013412264401653,216
z,2461241.7500942517,0.9963968832290157,0.0019998490009786223,1.0017710250070362,222
z,2461241.7535665166,0.9999047014325704,0.0019998490009786223,1.0022252470359507,219
z,2461241.757042899,1.003009937971688,0.0019998490009786223,1.0027072484966928,222
z,2461241.7605145527,1.0024908778652373,0.0019998490009786223,1.003217000101644,222
z,2461241.7639969722,1.0046508496810704,0.0019998490009786223,1.0037581600974694,222
z,2461241.7674284554,1.0046873787357438,0.0019998490009786223,1.004322008512068,200
z,2461241.7699486497,1.0029481176481263,0.0019998490009786223,1.0047563204438943,97
